[
  {"date": "2025-09-12", "symbol": "QBTS", "action": "sell", "shares": 6.8966, "amount_usd": 119.89},
  {"date": "2025-09-12", "symbol": "ARM", "action": "sell", "shares": 0.6885, "amount_usd": 103.94},
  {"date": "2025-09-12", "symbol": "IONL", "action": "buy", "shares": 1.7286, "amount_usd": -99.99},
  {"date": "2025-09-11", "symbol": "MSFT", "action": "dividend", "shares": null, "amount_usd": 0.19},
  {"date": "2025-09-10", "symbol": "ARM", "action": "buy", "shares": 0.6885, "amount_usd": -99.99},
  {"date": "2025-09-09", "symbol": "CWD", "action": "sell", "shares": 2, "amount_usd": 74.16},
  {"date": "2025-09-09", "symbol": "CWD", "action": "buy", "shares": 2, "amount_usd": -90.00},
  {"date": "2025-09-09", "symbol": null, "action": "deposit", "shares": null, "amount_usd": 200.00},
  {"date": "2025-09-09", "symbol": "IBM", "action": "buy", "shares": null, "amount_usd": -99.99},

  {"date": "2025-09-19", "symbol": "IWM", "action": "sell", "shares": 0.4505, "amount_usd": 108.62},
  {"date": "2025-09-19", "symbol": "BX", "action": "sell", "shares": 0.5301, "amount_usd": 97.90},
  {"date": "2025-09-19", "symbol": "SMU", "action": "buy", "shares": 5.5375, "amount_usd": -152.29},
  {"date": "2025-09-19", "symbol": "MRAL", "action": "sell", "shares": 7.0687, "amount_usd": 168.15},
  {"date": "2025-09-19", "symbol": "MRAL", "action": "sell", "shares": 7, "amount_usd": 168.00},
  {"date": "2025-09-18", "symbol": "IWM", "action": "buy", "shares": 0.4505, "amount_usd": -111.49},
  {"date": "2025-09-18", "symbol": "IBM", "action": "sell", "shares": 0.3901, "amount_usd": 101.33},
  {"date": "2025-09-18", "symbol": "BX", "action": "buy", "shares": 0.5301, "amount_usd": -101.48},
  {"date": "2025-09-18", "symbol": "PYPG", "action": "sell", "shares": 6.015, "amount_usd": 99.43},

  {"date": "2025-07-16", "symbol": "AMZN", "action": "buy", "shares": 0.2466, "amount_usd": -55.00},
  {"date": "2025-07-11", "symbol": "META", "action": "buy", "shares": 0.0768, "amount_usd": -54.94},
  {"date": "2025-07-10", "symbol": "DALN", "action": "sell", "shares": 3.6983, "amount_usd": 50.05},
  {"date": "2025-07-10", "symbol": "DALN", "action": "buy", "shares": 3.6983, "amount_usd": -50.00},
  {"date": "2025-07-03", "symbol": "NVDA", "action": "dividend", "shares": null, "amount_usd": 0.01},
  {"date": "2025-07-02", "symbol": null, "action": "tax_june", "shares": null, "amount_usd": -11.86},
  {"date": "2025-06-26", "symbol": "META", "action": "dividend", "shares": null, "amount_usd": 0.11},
  {"date": "2025-06-23", "symbol": "TSLL", "action": "sell", "shares": 14.2857, "amount_usd": 208.31},
  {"date": "2025-06-20", "symbol": "GOOG", "action": "buy", "shares": 0.2332, "amount_usd": -55.00},

  {"date": "2025-09-08", "symbol": "IBM", "action": "buy", "shares": 0.3901, "amount_usd": -99.99},
  {"date": "2025-09-05", "symbol": "NVDA", "action": "buy", "shares": 0.3311, "amount_usd": -54.99},
  {"date": "2025-09-02", "symbol": null, "action": "tax_august", "shares": null, "amount_usd": 4.49},
  {"date": "2025-08-22", "symbol": "OSRH", "action": "sell", "shares": 9.2155, "amount_usd": 9.22},
  {"date": "2025-08-25", "symbol": "OSRH", "action": "buy", "shares": 9.2155, "amount_usd": -10.00},
  {"date": "2025-08-22", "symbol": "QBTS", "action": "buy", "shares": 6.8966, "amount_usd": -103.44},
  {"date": "2025-08-22", "symbol": "META", "action": "buy", "shares": 0.0743, "amount_usd": -54.98},
  {"date": "2025-08-02", "symbol": null, "action": "deposit", "shares": null, "amount_usd": 300.00},
  {"date": "2025-08-04", "symbol": "AMZN", "action": "buy", "shares": 0.5138, "amount_usd": -109.99},

  {"date": "2025-08-04", "symbol": "AMZN", "action": "buy", "shares": 0.5138, "amount_usd": -109.99},
  {"date": "2025-08-03", "symbol": null, "action": "tax_july", "shares": null, "amount_usd": 1.65},
  {"date": "2025-08-01", "symbol": "INTW", "action": "sell", "shares": 12.5, "amount_usd": 180.04},
  {"date": "2025-07-25", "symbol": "INTW", "action": "buy", "shares": 12.5, "amount_usd": -200.00},
  {"date": "2025-07-25", "symbol": "LIDR", "action": "sell", "shares": 10.4167, "amount_usd": 48.96},
  {"date": "2025-07-25", "symbol": "LIDR", "action": "buy", "shares": 10.4167, "amount_usd": -50.00},
  {"date": "2025-07-18", "symbol": "PONY", "action": "sell", "shares": 15.1125, "amount_usd": 194.27},
  {"date": "2025-07-18", "symbol": "PONY", "action": "buy", "shares": 15.1125, "amount_usd": -200.00},
  {"date": "2025-07-16", "symbol": "AMZN", "action": "buy", "shares": 0.5138, "amount_usd": -55.00},

  {"date": "2025-09-16", "symbol": "PYPG", "action": "sell", "shares": 6.015, "amount_usd": 99.43},
  {"date": "2025-09-17", "symbol": "PYPG", "action": "buy", "shares": 6.015, "amount_usd": -101.50},
  {"date": "2025-09-16", "symbol": "MRAL", "action": "buy", "shares": 7.0687, "amount_usd": -151.50},
  {"date": "2025-09-16", "symbol": "AMZZ", "action": "buy", "shares": 4.377, "amount_usd": -151.50},
  {"date": "2025-09-15", "symbol": "RKLX", "action": "sell", "shares": 1.346, "amount_usd": 153.32},
  {"date": "2025-09-15", "symbol": "RKLX", "action": "buy", "shares": 1.346, "amount_usd": -149.99},
  {"date": "2025-09-15", "symbol": "GOOG", "action": "dividend", "shares": null, "amount_usd": 0.22},
  {"date": "2025-09-15", "symbol": "IONL", "action": "sell", "shares": 1.7286, "amount_usd": 114.45},
  {"date": "2025-09-15", "symbol": "QBTS", "action": "sell", "shares": 6.8966, "amount_usd": 119.89}
]